{
  "player_build_data": [
    {
      "type": "playerBuildTimingData",
      "msg": {
        "build_event_id": "0f356bb4f61fa411da5f68dc38326ef3",
        "build_player": 115722,
        "preprocess_player": 370,
        "produce_player_script_assemblies": 9892,
        "build_scripts_dlls": 995,
        "writing_asset_files": 68366,
        "postprocess_built_player": 2244,
        "node_summary_table": [
          {
            "name": "Csc",
            "duration": 2500
          },
          {
            "name": "Csc",
            "duration": 483
          },
          {
            "name": "Csc",
            "duration": 2500
          },
          {
            "name": "Csc",
            "duration": 2500
          }
        ]
      },
      "version": 1
    }
  ]
}